code_plantation,code_producteur,cooperative,superficie_cacao_ha,surface_calculee_ha,ecart_surface_pct,anomalie_surface
1030010003-P001,1030010003,A,3.1,2.129448779869336,-31.30810387518272,True
1030010008-P001,1030010008,A,0.47,0.8684235220188397,84.77096213166803,True
1030010009-P001,1030010009,A,2.7,3.2674231762392685,21.015673194046972,True
1030010011-P001,1030010011,A,12.59,8.517499692165165,-32.34710331878344,True
1030010012-P001,1030010012,A,5.66,2.509366974397105,-55.66489444528083,True
1030010014-P001,1030010014,A,0.83,0.718910496245106,-13.384277560830604,True
1030010015-P001,1030010015,A,2.37,1.4655285889427072,-38.16335067752291,True
1030010018-P001,1030010018,A,1.87,0.9095415435414715,-51.36141478387854,True
1030010022-P001,1030010022,A,0.86,0.7304153182736582,-15.06798624724904,True
1030010026-P001,1030010026,A,1.38,0.8822219813067904,-36.07087091979779,True
1030010028-P001,1030010028,A,7.26,3.1231030249580756,-56.98205199782266,True
1030010030-P001,1030010030,A,5.9,3.7054097107360415,-37.19644558074506,True
1030010046-P001,1030010046,A,1.4,0.6630169887290581,-52.641643662210136,True
1030010048-P001,1030010048,A,1.4,1.1674111859898262,-16.61348671501241,True
1030010049-P001,1030010049,A,1.6,1.9433419436639687,21.45887147899804,True
1030010050-P001,1030010050,A,3.0,3.91704196116573,30.568065372190993,True
1030010054-P001,1030010054,A,6.2,1.941926502916063,-68.6786047916764,True
1030010069-P001,1030010069,A,1.0,1.213580650996855,21.358065099685497,True
1030010075-P001,1030010075,A,1.2,0.6734633889710226,-43.878050919081446,True
1030010079-P001,1030010079,A,1.44,1.7698316586777731,22.904976297067584,True
1030010088-P001,1030010088,A,2.7,0.8296331242457947,-69.27284725015575,True
1030010096-P001,1030010096,A,1.5,1.1582898279697056,-22.78067813535296,True
1030010100-P001,1030010100,A,2.2,2.590660419726236,17.757291805738,True
1030010101-P001,1030010101,A,2.2,2.6489622419851355,20.40737463568797,True
1030010102-P001,1030010102,A,1.8,0.869381971182977,-51.70100160094573,True
1030010106-P001,1030010106,A,2.6,1.241317296834192,-52.25702704483878,True
1030010111-P001,1030010111,A,1.6,1.0722870272037002,-32.98206079976874,True
1030010114-P001,1030010114,A,1.7,2.0204265928669165,18.84862310981862,True
1030010119-P001,1030010119,A,1.8,2.0285639213464957,12.697995630360866,True
1030010121-P001,1030010121,A,0.4,0.6275076066624613,56.87690166561532,True
1030010122-P001,1030010122,A,4.3,5.312008862116519,23.53508981666324,True
1030010125-P001,1030010125,A,1.1,0.8333259987110234,-24.243091026270605,True
1030010126-P001,1030010126,A,1.6,3.3772360147909253,111.07725092443282,True
1030010127-P001,1030010127,A,1.2,0.917891090104006,-23.50907582466616,True
1030010130-P001,1030010130,A,0.8,1.3710225793453668,71.37782241817084,True
1030010134-P001,1030010134,A,2.5,0.6777711385393334,-72.88915445842667,True
1030010136-P001,1030010136,A,3.4,1.5850620134001723,-53.38052901764199,True
1030010138-P001,1030010138,A,1.9,0.4778872490908578,-74.8480395215338,True
1030010139-P001,1030010139,A,3.2,1.1329493936934965,-64.59533144707824,True
1030010140-P001,1030010140,A,7.0,5.3970384862861644,-22.899450195911935,True
1030010141-P001,1030010141,A,1.7,0.8951523603380931,-47.34397880364158,True
1030010142-P001,1030010142,A,1.5,1.158471721028019,-22.768551931465396,True
1030010148-P001,1030010148,A,0.6,1.2921917825930136,115.36529709883561,True
1030010153-P001,1030010153,A,4.7,7.459768168424346,58.7184716686031,True
1030010160-P001,1030010160,A,4.6,2.892085250638516,-37.12858150785834,True
1030010161-P001,1030010161,A,0.7,0.8670134442411052,23.859063463015033,True
1030010166-P001,1030010166,A,1.6,0.6117115632277079,-61.76802729826826,True
1030010169-P001,1030010169,A,1.2,1.7270987083986946,43.92489236655789,True
1030010170-P001,1030010170,A,1.1,2.5783916753842346,134.39924321674857,True
1030010171-P001,1030010171,A,3.0,2.468447105515803,-17.7184298161399,True
1030010174-P001,1030010174,A,2.1,0.9792366838960764,-53.369681719234464,True
1030010175-P001,1030010175,A,0.9,1.7936155936149112,99.29062151276791,True
1030010182-P001,1030010182,A,2.6,0.4033751394295428,-84.4855715604022,True
1030010185-P001,1030010185,A,3.4,1.633892611520426,-51.94433495528159,True
1030010191-P001,1030010191,A,3.3,1.3231547221486666,-59.90440235913132,True
1030010192-P001,1030010192,A,1.0,1.1110697862640264,11.106978626402642,True
1030010201-P001,1030010201,A,6.7,3.161438942691724,-52.81434413892949,True
1030010203-P001,1030010203,A,1.0,2.5862705195818845,158.62705195818845,True
1030010205-P001,1030010205,A,1.9,1.6968518795077656,-10.692006341696542,True
1030010207-P001,1030010207,A,1.6,2.2433631686021616,40.210198037635095,True
1030010208-P001,1030010208,A,1.4,0.8373959748820061,-40.18600179414242,True
1030010209-P001,1030010209,A,6.9,1.2452980561645253,-81.9522020845721,True
1030010217-P001,1030010217,A,1.6,0.3477642846386436,-78.26473221008479,True
1030010218-P001,1030010218,A,0.9,0.41871315781851953,-53.47631579794228,True
1030010229-P001,1030010229,A,2.8,1.3603995149503878,-51.41430303748614,True
1030012131-P001,1030012131,A,1.2,0.5944953285234583,-50.45872262304514,True
1030012149-P001,1030012149,A,3.5,1.5790336164594616,-54.88475381544396,True
1030012178-P001,1030012178,A,2.7,0.8390507534399904,-68.92404616888925,True
1030012198-P001,1030012198,A,2.8,3.1747772519047177,13.384901853739924,True
1030012868-P001,1030012868,A,1.9,0.895642492975013,-52.860921422367745,True
1030012887-P001,1030012887,A,3.1,2.096159317677894,-32.381957494261485,True
1030012889-P001,1030012889,A,1.5,0.7841672030468663,-47.72218646354225,True
1030012911-P001,1030012911,A,1.7,1.1127905977085297,-34.54172954655707,True
1030012924-P001,1030012924,A,1.6,0.8994690966798038,-43.78318145751226,True
1030012941-P001,1030012941,A,2.7,1.1254634642152526,-58.31616799202769,True
1030012942-P001,1030012942,A,1.5,1.3486342673044838,-10.09104884636775,True
1030012946-P001,1030012946,A,0.9,0.773369342899818,-14.07007301113134,True
1030020231-P001,1030020231,A,1.5,0.8522356179967319,-43.18429213355121,True
1030020232-P001,1030020232,A,2.7,1.7522656067218443,-35.101273825116884,True
1030020233-P001,1030020233,A,1.3,1.110813814152275,-14.552783526748081,True
1030020234-P001,1030020234,A,1.4,2.1557769950947128,53.98407107819377,True
1030020236-P001,1030020236,A,1.7,4.2038361073388515,147.28447690228538,True
1030020239-P001,1030020239,A,3.1,3.524592237884178,13.696523802715413,True
1030020240-P001,1030020240,A,0.9,0.4422024160038284,-50.866398221796835,True
1030020243-P001,1030020243,A,2.3,3.0980929543230005,34.69969366621742,True
1030020244-P001,1030020244,A,3.4,2.9956766293729085,-11.891863841973278,True
1030020246-P001,1030020246,A,1.7,2.3851170552491947,40.301003249952636,True
1030020250-P001,1030020250,A,2.0,2.4533616422719318,22.66808211359659,True
1030020251-P001,1030020251,A,1.9,0.5629191130227266,-70.37267826196175,True
1030020252-P001,1030020252,A,3.5,2.5597113812420624,-26.865389107369648,True
1030020253-P001,1030020253,A,2.5,0.8023182669943918,-67.90726932022433,True
1030020255-P001,1030020255,A,1.5,0.5783441496330985,-61.44372335779343,True
1030020257-P001,1030020257,A,1.2,0.8610401840339449,-28.24665133050459,True
1030020258-P001,1030020258,A,1.6,1.778745143680811,11.171571480050686,True
1030020259-P001,1030020259,A,2.8,2.393886161248195,-14.504065669707316,True
1030020261-P001,1030020261,A,0.6,0.5116808281149758,-14.719861980837356,True
1030020262-P001,1030020262,A,5.1,2.670738214957571,-47.632584020439786,True
1030020266-P001,1030020266,A,2.7,0.33457676819231985,-87.6082678447289,True
1030020268-P001,1030020268,A,1.1,0.46989513518055076,-57.28226043813176,True
1030020269-P001,1030020269,A,1.8,1.4770469183767962,-17.941837867955766,True
1030020270-P001,1030020270,A,3.5,0.6396087762653664,-81.72546353527524,True
1030020271-P001,1030020271,A,2.5,1.3509831876630642,-45.960672493477425,True
1030020272-P001,1030020272,A,1.3,0.7136916171749789,-45.10064483269394,True
1030020274-P001,1030020274,A,1.3,0.9013715185532423,-30.66372934205829,True
1030020276-P001,1030020276,A,2.0,1.275538093919403,-36.223095304029854,True
1030020278-P001,1030020278,A,2.4,2.653312961844279,10.55470674351163,True
1030020280-P001,1030020280,A,0.6,1.1220084567835058,87.00140946391764,True
1030020283-P001,1030020283,A,2.3,1.1435477789502133,-50.28053134999072,True
1030021993-P001,1030021993,A,1.7,1.225760285317663,-27.89645380484335,True
1030021997-P001,1030021997,A,1.1,0.5408800462897628,-50.82908670093066,True
1030021998-P001,1030021998,A,2.9,2.2982043419633658,-20.75157441505635,True
1030022000-P001,1030022000,A,4.7,3.4592950503030857,-26.397977653125835,True
1030022001-P001,1030022001,A,1.9,1.0426565017826006,-45.12334201144207,True
1030022003-P001,1030022003,A,1.6,1.9515975731215887,21.974848320099287,True
1030022004-P001,1030022004,A,1.6,2.012210207927301,25.76313799545632,True
1030022006-P001,1030022006,A,1.6,1.0504983055008743,-34.34385590619536,True
1030022008-P001,1030022008,A,0.9,0.47627620595585196,-47.08042156046089,True
1030022547-P001,1030022547,A,1.2,1.3714661022207857,14.288841851732146,True
1030022551-P001,1030022551,A,2.7,1.8633560214339544,-30.986814020964655,True
1030022554-P001,1030022554,A,1.6,1.1900620452981525,-25.621122168865472,True
1030022555-P001,1030022555,A,2.6,2.116117992787406,-18.610846431253613,True
1030022556-P001,1030022556,A,0.7,0.27916192431312986,-60.1197250981243,True
1030022557-P001,1030022557,A,1.3,0.6444817705209989,-50.424479190692395,True
1030022558-P001,1030022558,A,0.7,0.8623755083016009,23.196501185942996,True
1030022559-P001,1030022559,A,3.3,1.0802732825076016,-67.26444598461813,True
1030022560-P001,1030022560,A,1.4,0.5116385195202369,-63.45439146284022,True
1030022561-P001,1030022561,A,3.9,2.9088585457665506,-25.413883441883318,True
1030023308-P001,1030023308,A,4.1,3.4866734185792367,-14.959184912701536,True
1030023309-P001,1030023309,A,1.0,0.8859513270458761,-11.40486729541239,True
1030023310-P001,1030023310,A,0.9,1.5286700598075322,69.85222886750357,True
1030023311-P001,1030023311,A,1.5,2.9238941207883746,94.92627471922498,True
1030023312-P001,1030023312,A,1.9,3.355139504792331,76.58628972591217,True
1030023314-P001,1030023314,A,1.5,2.2866200470126583,52.44133646751056,True
1030023319-P001,1030023319,A,1.3,0.6151898233657261,-52.67770589494415,True
1030023321-P001,1030023321,A,1.1,0.8587792531587299,-21.92915880375183,True
1030023326-P001,1030023326,A,1.5,2.4514247827327686,63.42831884885124,True
1030023328-P001,1030023328,A,2.4,3.130870560027987,30.45294000116613,True
1030023339-P001,1030023339,A,1.6,1.2661491908195839,-20.865675573776013,True
1030023341-P001,1030023341,A,3.3,2.841450843502657,-13.895428984767962,True
1030023344-P001,1030023344,A,2.3,1.9223923740914048,-16.417722865591085,True
1030023346-P001,1030023346,A,1.1,1.6521699067948845,50.197264254080395,True
1030023347-P001,1030023347,A,7.9,2.2031267219907136,-72.1123199748011,True
1030023348-P001,1030023348,A,1.5,0.326086436655416,-78.26090422297227,True
1030023349-P001,1030023349,A,0.7,1.9590102209504388,179.85860299291986,True
1030030591-P001,1030030591,A,5.3,4.030961362403212,-23.944125237675244,True
1030030592-P001,1030030592,A,1.2,1.0030258886177303,-16.414509281855803,True
1030030593-P001,1030030593,A,0.5,0.24674036199803137,-50.65192760039372,True
1030030594-P001,1030030594,A,0.9,1.0908472079283853,21.20524532537614,True
1030030597-P001,1030030597,A,1.1,1.7414891796457215,58.31719814961103,True
1030030598-P001,1030030598,A,3.5,1.3729402715351828,-60.77313509899478,True
1030030599-P001,1030030599,A,0.6,0.6762665915412046,12.711098590200773,True
1030030600-P001,1030030600,A,4.1,3.14076994217121,-23.39585506899487,True
1030030601-P001,1030030601,A,3.6,1.1062958924140254,-69.26955854405486,True
1030030607-P001,1030030607,A,5.6,3.7164672989926557,-33.634512517988284,True
1030030609-P001,1030030609,A,4.1,2.2731569422852735,-44.557147749139666,True
1030030610-P001,1030030610,A,1.9,0.9328993964295267,-50.900031766867016,True
1030030611-P001,1030030611,A,2.3,1.286763916123131,-44.05374277725517,True
1030030614-P001,1030030614,A,4.5,2.6430788870336666,-41.26491362147407,True
1030030619-P001,1030030619,A,3.3,2.3700053381610666,-28.181656419361612,True
1030030620-P001,1030030620,A,2.1,1.8589024443012152,-11.480835985656421,True
1030030622-P001,1030030622,A,1.3,0.7285678057431665,-43.95632263514104,True
1030030626-P001,1030030626,A,1.0,1.1035721518221016,10.357215182210155,True
1030030630-P001,1030030630,A,1.0,1.111047613223637,11.10476132236371,True
1030030631-P001,1030030631,A,0.3,0.33967156426971656,13.223854756572193,True
1030030632-P001,1030030632,A,0.8,0.20876296683943943,-73.90462914507007,True
1030030635-P001,1030030635,A,0.9,0.6642485317307224,-26.19460758547529,True
1030030642-P001,1030030642,A,3.4,0.9792012649560234,-71.19996279541108,True
1030030645-P001,1030030645,A,2.4,0.3267838354266673,-86.38400685722219,True
1030030646-P001,1030030646,A,1.4,0.7591507917441586,-45.77494344684581,True
1030030650-P001,1030030650,A,1.6,2.511468710544458,56.96679440902863,True
1030030651-P001,1030030651,A,1.9,0.5772054769310221,-69.62076437205147,True
1030030652-P001,1030030652,A,2.3,2.0446104780044,-11.10389226067825,True
1030030653-P001,1030030653,A,4.0,2.6786228067115023,-33.03442983221244,True
1030030654-P001,1030030654,A,1.2,0.8110754734877189,-32.41037720935675,True
1030030658-P001,1030030658,A,0.9,1.377934121793449,53.10379131038323,True
1030030662-P001,1030030662,A,4.6,3.2015945955048117,-30.400117489025824,True
1030030663-P001,1030030663,A,6.0,4.200679454618359,-29.988675756360685,True
1030030664-P001,1030030664,A,4.5,2.3930540460679044,-46.82102119849102,True
1030030666-P001,1030030666,A,0.5,0.6355218941190189,27.10437882380379,True
1030030673-P001,1030030673,A,2.3,1.3701304528697402,-40.4291107447939,True
1030030676-P001,1030030676,A,1.6,0.8799223736855051,-45.004851644655936,True
1030030677-P001,1030030677,A,4.4,1.5700794369021938,-64.31637643404106,True
1030030681-P001,1030030681,A,1.2,0.7200943410471983,-39.99213824606681,True
1030030683-P001,1030030683,A,1.6,0.6679278500381546,-58.25450937261534,True
1030030684-P001,1030030684,A,1.3,0.9331334700941742,-28.220502300448135,True
1030030685-P001,1030030685,A,1.3,0.9111881379958957,-29.908604769546486,True
1030030687-P001,1030030687,A,2.8,0.7683674509139431,-72.55830532450203,True
1030030689-P001,1030030689,A,1.3,0.9375592699173836,-27.880056160201267,True
1030030703-P001,1030030703,A,9.5,4.2961860502764155,-54.77698894445878,True
1030030706-P001,1030030706,A,6.4,3.2657095885439573,-48.97328767900067,True
1030030712-P001,1030030712,A,5.6,3.6763513963183496,-34.35086792288661,True
1030030719-P001,1030030719,A,4.8,2.2984467464574703,-52.11569278213604,True
1030030720-P001,1030030720,A,1.3,0.9075581339370701,-30.18783585099461,True
1030030728-P001,1030030728,A,0.2,0.16703804613119752,-16.480976934401244,True
1030030730-P001,1030030730,A,3.7,2.319443543970785,-37.312336649438244,True
1030032396-P001,1030032396,A,3.4,1.0342088163538634,-69.58209363665107,True
1030032399-P001,1030032399,A,3.3,1.3643442922923952,-58.65623356689711,True
1030032402-P001,1030032402,A,4.2,2.251730989546078,-46.38735739176005,True
1030032967-P001,1030032967,A,4.4,5.325441061523164,21.03275139825372,True
1030032976-P001,1030032976,A,1.4,3.836347607621186,174.02482911579904,True
1030032982-P001,1030032982,A,5.0,3.991094178224721,-20.17811643550558,True
1030033035-P001,1030033035,A,0.7,1.0230683103948033,46.1526157706862,True
1030033556-P001,1030033556,A,2.3,0.9114951752170609,-60.369774990562576,True
1030033602-P001,1030033602,A,1.1,0.8423090923204647,-23.426446152685035,True
1030040473-P001,1030040473,A,5.2,2.5366402368723784,-51.21845698322349,True
1030040474-P001,1030040474,A,7.5,6.310504902148178,-15.85993463802429,True
1030040475-P001,1030040475,A,4.1,1.925196453412103,-53.04398894116821,True
1030040476-P001,1030040476,A,2.5,2.0881036661170254,-16.475853355318986,True
1030040477-P001,1030040477,A,5.4,1.7551442707983376,-67.49732831854931,True
1030040479-P001,1030040479,A,2.4,1.8027241952322304,-24.88649186532373,True
1030040480-P001,1030040480,A,3.8,2.385324019126594,-37.22831528614227,True
1030040481-P001,1030040481,A,1.5,1.6707652704867035,11.384351365780237,True
1030040483-P001,1030040483,A,1.3,0.8790031624788076,-32.384372117014806,True
1030040486-P001,1030040486,A,3.0,1.898818353382085,-36.70605488726383,True
1030040487-P001,1030040487,A,2.5,0.8093919949425306,-67.62432020229878,True
1030040488-P001,1030040488,A,6.1,3.551085287429374,-41.785487091321734,True
1030040490-P001,1030040490,A,1.3,3.0219844651291434,132.46034347147256,True
1030040491-P001,1030040491,A,2.2,1.7422166611365097,-20.80833358470411,True
1030040493-P001,1030040493,A,1.2,1.7644808735147122,47.04007279289269,True
1030040496-P001,1030040496,A,0.9,0.44962841640234374,-50.04128706640625,True
1030040498-P001,1030040498,A,1.6,0.9332475226028402,-41.67202983732249,True
1030040501-P001,1030040501,A,2.2,1.575850075726306,-28.37045110334973,True
1030040509-P001,1030040509,A,0.4,0.4829673072016509,20.741826800412714,True
1030040510-P001,1030040510,A,3.8,2.494312330974845,-34.36020181645144,True
1030040515-P001,1030040515,A,5.3,1.1868783578612099,-77.6060687195998,True
1030040518-P001,1030040518,A,2.4,1.174406264141808,-51.066405660757994,True
1030040520-P001,1030040520,A,5.6,4.4158777498286375,-21.14504018163147,True
1030040521-P001,1030040521,A,1.3,0.8127219160979114,-37.482929530929894,True
1030040522-P001,1030040522,A,1.6,2.1504063298556386,34.40039561597741,True
1030040524-P001,1030040524,A,2.1,1.0721367101423809,-48.94587094560091,True
1030040525-P001,1030040525,A,1.1,1.4567132506862144,32.42847733511039,True
1030040526-P001,1030040526,A,1.4,1.9701294796655737,40.72353426182671,True
1030040528-P001,1030040528,A,1.9,1.2719135032721982,-33.05718403830535,True
1030040529-P001,1030040529,A,4.2,1.4352147206599604,-65.82822093666762,True
1030040530-P001,1030040530,A,2.5,1.7815777975032547,-28.736888099869812,True
1030040531-P001,1030040531,A,0.9,1.3414504366157913,49.0500485128657,True
1030040532-P001,1030040532,A,0.3,0.739619995459185,146.539998486395,True
1030040533-P001,1030040533,A,4.7,1.6203382770378272,-65.52471750983347,True
1030040534-P001,1030040534,A,0.8,1.2129811466772569,51.622643334657106,True
1030040536-P001,1030040536,A,1.1,0.7796029018300709,-29.127008924539016,True
1030040537-P001,1030040537,A,0.6,0.8774898575192458,46.24830958654097,True
1030040539-P001,1030040539,A,3.9,1.4117224953917933,-63.801987297646335,True
1030040540-P001,1030040540,A,1.8,1.4667056431888557,-18.516353156174688,True
1030040553-P001,1030040553,A,2.2,1.7339927519552396,-21.182147638398206,True
1030040554-P001,1030040554,A,2.6,0.5072081362388303,-80.49199476004499,True
1030040555-P001,1030040555,A,1.8,0.3651364085319758,-79.71464397044579,True
1030040556-P001,1030040556,A,8.0,3.872850874144138,-51.589364073198276,True
1030040562-P001,1030040562,A,1.2,0.5376448352224934,-55.196263731458885,True
1030040564-P001,1030040564,A,4.7,4.054880934678293,-13.725937560036328,True
1030040570-P001,1030040570,A,0.9,1.1372908208774155,26.365646764157276,True
1030040573-P001,1030040573,A,1.2,1.492907399901992,24.408949991832667,True
1030040574-P001,1030040574,A,1.8,1.1677935638848795,-35.12257978417336,True
1030040575-P001,1030040575,A,3.2,1.8506501013182515,-42.16718433380465,True
1030040579-P001,1030040579,A,5.0,2.792730434075868,-44.14539131848264,True
1030040580-P001,1030040580,A,3.8,2.5229491120098357,-33.60660231553064,True
1030040581-P001,1030040581,A,0.5,0.8334105425511722,66.68210851023444,True
1030040584-P001,1030040584,A,5.8,5.033936557929633,-13.207990380523569,True
1030040586-P001,1030040586,A,1.8,0.8842271694545483,-50.876268363636214,True
1030040589-P001,1030040589,A,1.7,1.923350437628122,13.138261036948359,True
1030043449-P001,1030043449,A,1.5,1.3240309783777062,-11.73126810815292,True
1030050999-P001,1030050999,A,1.0,2.0944967807457315,109.44967807457316,True
1030051003-P001,1030051003,A,1.0,0.8345147688410692,-16.548523115893076,True
1030051006-P001,1030051006,A,0.3,0.33964270590649387,13.214235302164628,True
1030051009-P001,1030051009,A,0.9,2.5415447884526863,182.3938653836318,True
1030051012-P001,1030051012,A,0.7,0.8648273128055464,23.546758972220918,True
1030051013-P001,1030051013,A,1.0,0.8068358471525173,-19.316415284748267,True
1030051017-P001,1030051017,A,3.5,1.6168600879109727,-53.80399748825793,True
1030051020-P001,1030051020,A,0.7,0.5893076585430548,-15.813191636706456,True
1030051021-P001,1030051021,A,2.4,0.935370244733029,-61.026239802790464,True
1030051022-P001,1030051022,A,0.2,0.596032703209915,198.01635160495746,True
1030051024-P001,1030051024,A,1.0,0.8528501310075335,-14.714986899246652,True
1030051025-P001,1030051025,A,1.2,0.33047880998459533,-72.46009916795039,True
1030051026-P001,1030051026,A,1.4,0.9993539055934805,-28.617578171894248,True
1030051027-P001,1030051027,A,1.2,1.320958168897646,10.079847408137166,True
1030051034-P001,1030051034,A,0.7,0.41900431741569927,-40.142240369185814,True
1030051035-P001,1030051035,A,0.6,0.46120670751694026,-23.132215413843287,True
1030051037-P001,1030051037,A,0.5,0.24124012871846248,-51.751974256307506,True
1030051047-P001,1030051047,A,1.4,1.1540022997013164,-17.57126430704882,True
1030051048-P001,1030051048,A,1.6,0.30225195585207976,-81.10925275924502,True
1030051050-P001,1030051050,A,0.7,0.34894736907663776,-50.150375846194606,True
1030061325-P001,1030061325,A,5.8,2.407840089470969,-58.48551569877639,True
1030070322-P001,1030070322,A,1.1,0.647052264516485,-41.17706686213773,True
1030070323-P001,1030070323,A,2.7,0.48159533752329364,-82.16313564728542,True
1030070328-P001,1030070328,A,2.8,0.9176224133693722,-67.22777095109385,True
1030070329-P001,1030070329,A,2.6,1.5141011285182349,-41.76534121083712,True
1030070330-P001,1030070330,A,0.3,0.37012220803839396,23.374069346131325,True
1030070338-P001,1030070338,A,0.5,0.30320086382353656,-39.35982723529269,True
1030070340-P001,1030070340,A,0.9,0.39573126512512025,-56.029859430542196,True
1030070341-P001,1030070341,A,0.5,0.37461480585080814,-25.077038829838372,True
1030070343-P001,1030070343,A,2.0,0.9664367009852962,-51.67816495073518,True
1030070353-P001,1030070353,A,1.3,1.8160386365542107,39.695279734939284,True
1030070358-P001,1030070358,A,3.0,1.3927704408082255,-53.57431863972582,True
1030070360-P001,1030070360,A,1.4,1.6294134046321649,16.386671759440357,True
1030070362-P001,1030070362,A,2.0,0.4686145934995204,-76.56927032502398,True
1030070363-P001,1030070363,A,0.6,1.3055458626585972,117.5909771097662,True
1030070373-P001,1030070373,A,1.1,1.7862216955972585,62.38379050884168,True
1030070377-P001,1030070377,A,1.0,2.7560408479454255,175.60408479454256,True
1030070380-P001,1030070380,A,3.2,2.3607549769517866,-26.226406970256672,True
1030070384-P001,1030070384,A,1.0,1.5906683972941895,59.06683972941895,True
1030072349-P001,1030072349,A,0.9,0.26393786945817554,-70.67357006020272,True
1030073692-P001,1030073692,A,2.3,1.8527951370796225,-19.44368969219032,True
1030073693-P001,1030073693,A,2.4,0.5899513177692358,-75.41869509294851,True
1030073695-P001,1030073695,A,2.8,2.354550044631713,-15.908926977438812,True
1030073696-P001,1030073696,A,5.7,2.0164737376608657,-64.6232677603357,True
1030073697-P001,1030073697,A,4.1,0.8448982190445631,-79.39272636476676,True
1030073699-P001,1030073699,A,5.7,1.6106011358884091,-71.74383972125598,True
1030073706-P001,1030073706,A,2.1,0.41468558911309794,-80.25306718509057,True
1030081130-P001,1030081130,A,8.2,12.134973762851102,47.98748491281833,True
1030081135-P001,1030081135,A,1.9,0.6259018799345655,-67.0577957929176,True
1030081142-P001,1030081142,A,3.5,2.271818540637987,-35.09089883891466,True
1030081162-P001,1030081162,A,3.0,1.3613747287967923,-54.62084237344026,True
1030081163-P001,1030081163,A,2.0,1.4933597552869964,-25.332012235650183,True
1030081167-P001,1030081167,A,1.8,0.5382613842284,-70.09658976508891,True
1030081172-P001,1030081172,A,4.7,3.702882459834079,-21.215266812040877,True
1030081182-P001,1030081182,A,4.1,2.6780456257397156,-34.6818140063484,True
1030081190-P001,1030081190,A,1.7,2.8399571927262115,67.05630545448304,True
1030081198-P001,1030081198,A,4.4,1.6096572239639984,-63.4168812735455,True
1030081203-P001,1030081203,A,2.2,1.2150015526998992,-44.77265669545913,True
1030081212-P001,1030081212,A,4.3,2.5275657097055193,-41.219402099871644,True
1030081226-P001,1030081226,A,3.4,0.9132843008739318,-73.13869703311966,True
1030081233-P001,1030081233,A,11.3,8.281003999809819,-26.71677876274497,True
1030082047-P001,1030082047,A,0.3,3.201217598923457,967.0725329744856,True
1030082066-P001,1030082066,A,2.1,1.2242519346962824,-41.70228882398656,True
1030082067-P001,1030082067,A,0.9,1.2742696499226172,41.58551665806856,True
1030082068-P001,1030082068,A,2.8,3.4985533216080524,24.94833291457331,True
1030082073-P001,1030082073,A,0.7,3.5953611736076723,413.62302480109616,True
1030082083-P001,1030082083,A,0.7,0.8787111565025058,25.530165214643684,True
1030082820-P001,1030082820,A,1.3,1.6248948252698274,24.991909636140566,True
1030082821-P001,1030082821,A,1.1,1.331359206161307,21.03265510557336,True
1030082824-P001,1030082824,A,0.6,1.006890562690449,67.8150937817415,True
1030082827-P001,1030082827,A,1.3,1.7431671917920124,34.089783984000945,True
1030082829-P001,1030082829,A,0.6,0.7787071586173612,29.784526436226866,True
1030082830-P001,1030082830,A,3.3,2.1619731942124845,-34.48566078143986,True
1030082831-P001,1030082831,A,1.0,1.4849889462535764,48.498894625357636,True
1030082832-P001,1030082832,A,2.1,1.1707436627648398,-44.25030177310287,True
1030082835-P001,1030082835,A,1.3,1.5388233806034866,18.37102927719127,True
1030082840-P001,1030082840,A,0.5,0.5919018017803982,18.38036035607964,True
1030082842-P001,1030082842,A,1.4,2.011296722743398,43.664051624528454,True
1030082844-P001,1030082844,A,1.6,2.0521453170311585,28.259082314447404,True
1030082846-P001,1030082846,A,0.7,0.9605082360931446,37.21546229902067,True
1030083398-P001,1030083398,A,0.4,0.5114430102798765,27.860752569969115,True
1030083467-P001,1030083467,A,1.7,1.8876728486981722,11.039579335186604,True
1030083611-P001,1030083611,A,1.4,1.9908081580359096,42.20058271685069,True
1030083614-P001,1030083614,A,2.0,1.103681881755026,-44.8159059122487,True
1030083619-P001,1030083619,A,2.3,2.681988168264095,16.60818122887371,True
1030083621-P001,1030083621,A,1.7,6.148866880246508,261.6980517792063,True
1030083622-P001,1030083622,A,0.6,2.0076493191604485,234.60821986007474,True
1030083624-P001,1030083624,A,2.6,1.5007148563928547,-42.280197831044056,True
1030083625-P001,1030083625,A,0.4,1.283135896786932,220.78397419673297,True
1030090917-P001,1030090917,A,3.0,2.4592772367234486,-18.02409210921838,True
1030090921-P001,1030090921,A,1.4,0.437191875290599,-68.77200890781435,True
1030090922-P001,1030090922,A,2.8,1.1231575187378886,-59.88723147364683,True
1030090928-P001,1030090928,A,1.6,2.3853358838295815,49.08349273934884,True
1030090930-P001,1030090930,A,1.6,1.1044341832045066,-30.972863549718344,True
1030090931-P001,1030090931,A,3.8,3.325792786060969,-12.479137208921863,True
1030090938-P001,1030090938,A,2.0,0.9858351552210576,-50.70824223894712,True
1030090948-P001,1030090948,A,6.4,0.3970533049205986,-93.79604211061564,True
1030090951-P001,1030090951,A,1.7,2.4169057794725397,42.17092820426704,True
1030090955-P001,1030090955,A,2.6,1.4708341274612278,-43.42945663610663,True
1030090960-P001,1030090960,A,1.5,0.3283793581453598,-78.10804279030936,True
1030090971-P001,1030090971,A,4.6,2.2654528622287584,-50.751024734157426,True
1030090974-P001,1030090974,A,1.0,0.8562972298343204,-14.370277016567956,True
1030092262-P001,1030092262,A,4.7,3.8987259852546763,-17.0483832924537,True
1030100764-P001,1030100764,A,3.2,2.427351168535514,-24.1452759832652,True
1030100767-P001,1030100767,A,3.1,2.34490774009072,-24.35781483578323,True
1030100769-P001,1030100769,A,3.3,1.614537226982541,-51.07462948537754,True
1030100779-P001,1030100779,A,2.2,1.0234778712322714,-53.4782785803513,True
1030100796-P001,1030100796,A,2.6,1.4882894567914264,-42.75809781571437,True
1030102672-P001,1030102672,A,2.5,1.5357985309996398,-38.56805876001441,True
1030102673-P001,1030102673,A,1.0,3.5108843208187586,251.08843208187585,True
1030102792-P001,1030102792,A,2.2,1.5050718698884358,-31.587642277798377,True
1030102794-P001,1030102794,A,3.6,2.8013121115160615,-22.185774680109404,True
1030102801-P001,1030102801,A,1.9,0.9555707717962492,-49.70680148440793,True
1030102810-P001,1030102810,A,5.4,5.990031541416428,10.926510026230146,True
1030102813-P001,1030102813,A,4.8,4.0351793510188365,-15.933763520440902,True
1030102819-P001,1030102819,A,1.4,0.6423507780443073,-54.11780156826376,True
1030111513-P001,1030111513,A,4.2,3.580152218773724,-14.758280505387528,True
1030111516-P001,1030111516,A,1.0,3.40340514273593,240.340514273593,True
1030111519-P001,1030111519,A,0.2,3.077197608787172,1438.5988043935859,True
1030111521-P001,1030111521,A,2.4,3.5258057963159692,46.90857484649872,True
1030111525-P001,1030111525,A,2.2,1.7538061955030229,-20.281536568044423,True
1030111526-P001,1030111526,A,3.0,3.877573199967538,29.252439998917936,True
1030111527-P001,1030111527,A,3.8,3.3773179758267826,-11.123211162453085,True
1030111532-P001,1030111532,A,1.5,1.8360362138116368,22.402414254109125,True
1030111536-P001,1030111536,A,1.7,1.3563023389358144,-20.217509474363858,True
1030111537-P001,1030111537,A,3.2,5.207161547639863,62.72379836374572,True
1030111539-P001,1030111539,A,3.3,6.697856288146321,102.96534206504005,True
1030111540-P001,1030111540,A,0.2,6.752384316759044,3276.1921583795215,True
1030111545-P001,1030111545,A,1.6,2.8184007056685805,76.15004410428628,True
1030111547-P001,1030111547,A,0.9,0.6883848695821142,-23.51279226865398,True
1030111552-P001,1030111552,A,2.0,4.5177063772816775,125.88531886408387,True
1030112333-P001,1030112333,A,3.9,3.264908324694166,-16.284401930918822,True
1030112334-P001,1030112334,A,2.1,3.785902916050266,80.28109124048885,True
1030112336-P001,1030112336,A,1.4,2.530489673439125,80.74926238850895,True
1030112344-P001,1030112344,A,4.1,2.145626004324435,-47.667658431111334,True
1030112440-P001,1030112440,A,1.2,2.3402014307069123,95.01678589224271,True
1030112444-P001,1030112444,A,3.1,3.684177896088281,18.844448260912287,True
1030121689-P001,1030121689,A,0.6,1.371497150313006,128.582858385501,True
1030121693-P001,1030121693,A,1.4,1.7276870162475302,23.406215446252162,True
1030121696-P001,1030121696,A,2.0,2.6698730765668426,33.49365382834213,True
1030121697-P001,1030121697,A,0.7,0.40338980712027867,-42.37288469710304,True
1030121703-P001,1030121703,A,1.6,1.0647421425834762,-33.45361608853274,True
1030121706-P001,1030121706,A,0.7,1.6794721047752867,139.92458639646955,True
1030121707-P001,1030121707,A,1.3,0.8172287597113153,-37.13624925297575,True
1030121708-P001,1030121708,A,0.8,1.0437984117412056,30.474801467650693,True
1030121711-P001,1030121711,A,1.5,1.0511780503472212,-29.921463310185253,True
1030121716-P001,1030121716,A,3.8,2.0459696017738795,-46.15869469016106,True
1030121717-P001,1030121717,A,1.3,1.1107546844507301,-14.557331965328457,True
1030121720-P001,1030121720,A,0.6,0.6618341142665191,10.305685711086515,True
1030121726-P001,1030121726,A,0.9,1.2781399348393154,42.01554831547949,True
1030121728-P001,1030121728,A,0.7,1.4748006987002906,110.68581410004153,True
1030121730-P001,1030121730,A,1.5,1.7005599941747844,13.370666278318962,True
1030121732-P001,1030121732,A,1.4,1.968207286518543,40.586234751324504,True
1030121733-P001,1030121733,A,0.8,1.0350177425412415,29.377217817655175,True
1030121734-P001,1030121734,A,1.2,0.4892048727882604,-59.23292726764496,True
1030121747-P001,1030121747,A,2.7,1.3335036570163987,-50.61097566605931,True
1030122111-P001,1030122111,A,3.5,4.725582759276888,35.01665026505393,True
1030122112-P001,1030122112,A,0.9,0.48942289947868967,-45.61967783570115,True
1030122116-P001,1030122116,A,1.0,3.032337388130721,203.2337388130721,True
1030122117-P001,1030122117,A,2.3,1.4901418706050158,-35.21122301717322,True
1030122119-P001,1030122119,A,1.5,1.8672271255682193,24.481808371214623,True
1030122121-P001,1030122121,A,2.0,1.4547818758920665,-27.260906205396672,True
1030122123-P001,1030122123,A,2.1,1.5606112647871206,-25.685177867279975,True
1030122126-P001,1030122126,A,2.2,0.8208086670533085,-62.69051513394053,True
1030122724-P001,1030122724,A,2.1,1.5111056892453494,-28.042586226411935,True
1030122725-P001,1030122725,A,1.0,1.3572426654986884,35.724266549868844,True
1030122727-P001,1030122727,A,1.2,1.0722211178907923,-10.648240175767302,True
1030122729-P001,1030122729,A,0.8,1.2402050534333324,55.025631679166544,True
1030122731-P001,1030122731,A,1.6,1.9413556620459413,21.334728877871328,True
1030122732-P001,1030122732,A,3.8,2.3309773963626395,-38.65848956940422,True
1030122736-P001,1030122736,A,0.5,1.2844117350786766,156.88234701573532,True
1030131056-P001,1030131056,A,1.1,0.7896872705670754,-28.210248130265875,True
1030131064-P001,1030131064,A,3.5,1.8410868179066209,-47.39751948838226,True
1030131066-P001,1030131066,A,0.9,0.739299319793842,-17.855631134017557,True
1030132012-P001,1030132012,A,1.4,1.1098855277887312,-20.72246230080491,True
1030132015-P001,1030132015,A,0.4,1.419094543100414,254.77363577510346,True
1030132016-P001,1030132016,A,1.0,1.1683131666325905,16.831316663259056,True
1030133291-P001,1030133291,A,2.6,3.8724341991417504,48.939776890067314,True
1030143713-P001,1030143713,A,5.2,3.976245536306251,-23.533739686418254,True
1030170288-P001,1030170288,A,3.7,2.446232890902387,-33.88559754317873,True
1030170291-P001,1030170291,A,1.6,1.8359466145895604,14.746663411847521,True
1030170304-P001,1030170304,A,1.2,1.3360549455501238,11.33791212917699,True
1030170306-P001,1030170306,A,1.8,0.9104760179830786,-49.41799900094008,True
1030170314-P001,1030170314,A,2.2,0.647059015152408,-70.58822658398145,True
1030180398-P001,1030180398,A,1.7,1.1972008753960997,-29.576419094347077,True
1030180435-P001,1030180435,A,0.7,0.9273299487668655,32.47570696669508,True
1030180464-P001,1030180464,A,2.3,1.1689404196039082,-49.17650349548225,True
1030182255-P001,1030182255,A,5.5,6.273521579577076,14.064028719583197,True
1030193274-P001,1030193274,A,2.3,2.0557971905580206,-10.617513453999099,True
1030193275-P001,1030193275,A,2.3,2.9478180000724477,28.16600000314991,True
1030193277-P001,1030193277,A,0.8,1.6114186592748783,101.42733240935978,True
1030193278-P001,1030193278,A,1.0,0.6667695539839346,-33.32304460160655,True
1030193285-P001,1030193285,A,1.2,1.505131313388154,25.427609449012845,True
1030201361-P001,1030201361,A,2.8,1.2757802892904413,-54.436418239627095,True
1030201370-P001,1030201370,A,3.9,1.1887688164681256,-69.51874829568908,True
1030201372-P001,1030201372,A,7.7,6.1538768319044586,-20.07952166357846,True
1030201379-P001,1030201379,A,4.0,1.5607816754250665,-60.980458114373334,True
1030201390-P001,1030201390,A,0.8,0.5293972032832582,-33.825349589592726,True
1030202386-P001,1030202386,A,5.5,2.5341499200100492,-53.9245469089082,True
1030202583-P001,1030202583,A,1.2,1.0245416456961005,-14.621529525324956,True
1030202587-P001,1030202587,A,0.4,0.44850223832489683,12.125559581224202,True
1030203479-P001,1030203479,A,1.4,1.5530886086851725,10.934900620369472,True
1030210839-P001,1030210839,A,4.5,3.256385988667968,-27.635866918489604,True
1030210864-P001,1030210864,A,2.6,0.9761593507790316,-62.45540958542186,True
1030210869-P001,1030210869,A,0.2,0.24508108081839927,22.54054040919963,True
1030210872-P001,1030210872,A,3.2,2.1103687039660306,-34.05097800106155,True
1030210884-P001,1030210884,A,1.5,1.2893965967878167,-14.04022688081222,True
1030210889-P001,1030210889,A,0.9,0.39273224067500195,-56.36308436944424,True
1030210894-P001,1030210894,A,1.8,0.7613996022071691,-57.70002209960171,True
1030210896-P001,1030210896,A,1.9,1.0055630864343839,-47.075627029769265,True
1030210902-P001,1030210902,A,1.0,1.2573810487983696,25.738104879836964,True
1030210911-P001,1030210911,A,1.4,0.561548675212396,-59.88938034197171,True
1030213662-P001,1030213662,A,2.3,1.649943934546189,-28.26330719364395,True
1030221081-P001,1030221081,A,1.5,0.31502361325608175,-78.99842578292788,True
1030221098-P001,1030221098,A,3.1,1.8635696593384847,-39.88484969875856,True
1030221102-P001,1030221102,A,0.4,0.3233425349604416,-19.16436625988961,True
1030221105-P001,1030221105,A,3.7,1.8481177590373155,-50.05087137736985,True
1030221108-P001,1030221108,A,2.7,1.3462537534128922,-50.13874987359659,True
1030221112-P001,1030221112,A,3.1,1.7414550301473661,-43.824031285568836,True
1030221113-P001,1030221113,A,2.8,2.173586023894374,-22.371927718058075,True
1030222028-P001,1030222028,A,1.5,0.6040492509765314,-59.73004993489791,True
1030222033-P001,1030222033,A,4.4,1.8792981427583244,-57.288678573674446,True
1030223058-P001,1030223058,A,0.9,0.236745428059985,-73.69495243777945,True
1030231474-P001,1030231474,A,0.4,0.44982211204070044,12.455528010175104,True
1030231490-P001,1030231490,A,1.9,1.674782678684847,-11.853543227113313,True
1030231510-P001,1030231510,A,0.6,0.7635016686044125,27.25027810073542,True
1030241665-P001,1030241665,A,1.0,0.8194039448012609,-18.059605519873912,True
1030251826-P001,1030251826,A,3.0,2.381024247787067,-20.632525073764437,True
1030251830-P001,1030251830,A,1.7,1.4271004722926046,-16.052913394552668,True
1030251835-P001,1030251835,A,1.3,1.5574609232044463,19.804686400342018,True
1030251836-P001,1030251836,A,2.4,2.748075645464229,14.503151894342889,True
1030251842-P001,1030251842,A,1.1,2.009414238336388,82.67402166694436,True
1030251853-P001,1030251853,A,2.6,3.698032849827492,42.23203268567276,True
1030252597-P001,1030252597,A,1.0,0.8215959854985294,-17.84040145014706,True
1030252601-P001,1030252601,A,3.6,3.1681042720125214,-11.99710355520774,True
1030252604-P001,1030252604,A,1.4,1.7415904650872185,24.39931893480133,True
1030252607-P001,1030252607,A,5.4,6.497547498078755,20.324953668125087,True
1030252608-P001,1030252608,A,3.9,3.4722034150946217,-10.969143202702005,True
1030252612-P001,1030252612,A,1.0,1.2254446576493583,22.54446576493583,True
1030252614-P001,1030252614,A,2.1,2.848337161497782,35.63510292846581,True
1030252616-P001,1030252616,A,1.1,1.561053964010279,41.91399672820717,True
1030252624-P001,1030252624,A,0.9,1.0547297921939423,17.192199132660246,True
1030252628-P001,1030252628,A,1.3,2.6605683128371993,104.65910098747686,True
1030252630-P001,1030252630,A,1.5,5.313332713247202,254.22218088314676,True
1030252631-P001,1030252631,A,1.3,1.4716894003551462,13.206876950395854,True
1030252633-P001,1030252633,A,0.5,0.8979363281975046,79.58726563950091,True
1030252635-P001,1030252635,A,2.1,1.7620247064490657,-16.09406159766354,True
1030252636-P001,1030252636,A,1.7,3.7813366246605367,122.43156615650217,True
1030252639-P001,1030252639,A,1.1,0.724181064507099,-34.16535777208192,True
1030252644-P001,1030252644,A,1.3,0.8388180429356511,-35.47553515879607,True
1030252647-P001,1030252647,A,2.9,3.656287649974726,26.078884481887105,True
1030252650-P001,1030252650,A,2.2,2.4415217452423486,10.97826114737947,True
1030261778-P001,1030261778,A,0.7,1.0494951231127705,49.92787473039579,True
1030261780-P001,1030261780,A,1.7,1.0122277316446968,-40.457192256194304,True
1030261781-P001,1030261781,A,1.1,0.8096570518557008,-26.394813467663568,True
1030261783-P001,1030261783,A,2.2,1.8826003417601376,-14.427257192721028,True
1030261785-P001,1030261785,A,0.9,2.262846916342694,151.42743514918823,True
1030261786-P001,1030261786,A,1.6,0.937855726887541,-41.38401706952869,True
1030261792-P001,1030261792,A,0.7,1.4695031675362997,109.92902393375712,True
1030261796-P001,1030261796,A,0.9,0.7305082491385855,-18.832416762379395,True
1030261797-P001,1030261797,A,1.0,1.2124122280785046,21.241222807850455,True
1030261799-P001,1030261799,A,0.6,0.7411541123427681,23.525685390461348,True
1030261801-P001,1030261801,A,0.9,0.40912593406358344,-54.54156288182407,True
1030261805-P001,1030261805,A,0.9,0.7230920881909885,-19.656434645445728,True
1030261807-P001,1030261807,A,0.9,1.2893907801487356,43.265642238748406,True
1030261810-P001,1030261810,A,2.1,3.2036887149280626,52.556605472764886,True
1030261812-P001,1030261812,A,2.2,1.0209323615422377,-53.593983566261926,True
1030261813-P001,1030261813,A,2.3,2.018676225251542,-12.231468467324254,True
1030261815-P001,1030261815,A,4.2,3.365250640932951,-19.87498473969165,True
1030261819-P001,1030261819,A,1.2,1.7863430727252245,48.86192272710205,True
1030261821-P001,1030261821,A,1.5,1.7677676332099639,17.851175547330925,True
1030261822-P001,1030261822,A,1.3,0.5625389101869368,-56.7277761394664,True
1030261823-P001,1030261823,A,0.8,0.719971271113699,-10.003591110787635,True
1030262279-P001,1030262279,A,2.0,0.34971741819907576,-82.51412909004621,True
1030262564-P001,1030262564,A,0.9,1.0614073844552523,17.934153828361364,True
1030262569-P001,1030262569,A,2.4,0.9770384228151386,-59.29006571603589,True
1030262571-P001,1030262571,A,1.0,0.8953862222542588,-10.461377774574121,True
1030262572-P001,1030262572,A,3.4,3.0262095605754222,-10.993836453664048,True
1030262574-P001,1030262574,A,1.7,1.270324285001387,-25.275042058741942,True
1030262575-P001,1030262575,A,1.8,2.20530904220198,22.5171690112211,True
1030262577-P001,1030262577,A,1.9,0.9803155028078645,-48.40444722063871,True
1030263746-P001,1030263746,A,5.1,7.5179298112795925,47.41038845646261,True
1030263747-P001,1030263747,A,1.5,0.5750228611235668,-61.66514259176221,True
1030263748-P001,1030263748,A,0.6,0.5084006891130951,-15.266551814484147,True
1030263750-P001,1030263750,A,1.2,0.3198959045484383,-73.3420079542968,True
1030263751-P001,1030263751,A,2.2,1.222148519583265,-44.44779456439705,True
1030263757-P001,1030263757,A,2.1,0.7405314567668464,-64.73659729681684,True
1030281748-P001,1030281748,A,2.8,4.059117397797515,44.96847849276839,True
1030281749-P001,1030281749,A,1.3,1.8068042000324585,38.98493846403526,True
1030281751-P001,1030281751,A,5.9,4.369232820425722,-25.945206433462335,True
1030281752-P001,1030281752,A,0.6,1.663414920147832,177.23582002463866,True
1030281754-P001,1030281754,A,2.1,2.395984641367501,14.094506731785748,True
1030281755-P001,1030281755,A,3.3,3.7335634209426316,13.138285483110055,True
1030281756-P001,1030281756,A,2.1,2.968933082005227,41.377765809772704,True
1030281758-P001,1030281758,A,1.6,2.6976111283320408,68.60069552075254,True
1030281759-P001,1030281759,A,3.3,5.415506216548133,64.10624898630707,True
1030281760-P001,1030281760,A,4.0,3.437479949424396,-14.063001264390095,True
1030281761-P001,1030281761,A,2.8,2.3050438743893045,-17.677004486096266,True
1030281762-P001,1030281762,A,2.3,3.731731962500076,62.24921576087288,True
1030281764-P001,1030281764,A,5.6,1.801851914190688,-67.82407296088057,True
1030281765-P001,1030281765,A,0.9,1.0600074582854853,17.778606476165027,True
1030281766-P001,1030281766,A,2.9,3.79944931820239,31.015493731116894,True
1030281767-P001,1030281767,A,2.9,3.7786289830812327,30.297551140732164,True
1030281768-P001,1030281768,A,2.5,2.7709285090399804,10.837140361599218,True
1030281774-P001,1030281774,A,2.3,2.0567654532474746,-10.57541507619675,True
1030281775-P001,1030281775,A,2.7,1.8884881299819964,-30.055995185851987,True
1030281776-P001,1030281776,A,3.8,1.0915969306656423,-71.27376498248309,True
1030282295-P001,1030282295,A,3.3,4.27282631617073,29.47958533850697,True
1030282297-P001,1030282297,A,1.6,1.419094000342983,-11.306624978563566,True
1030282299-P001,1030282299,A,4.6,5.666637189071072,23.187764979805927,True
1030282301-P001,1030282301,A,1.1,1.5697627869841282,42.705707907648005,True
1030282304-P001,1030282304,A,2.2,3.385592420215848,53.8905645552658,True
1030282305-P001,1030282305,A,5.6,6.746722598605383,20.477189260810423,True
1030282306-P001,1030282306,A,2.8,1.606023527604401,-42.64201687127139,True
1030282307-P001,1030282307,A,1.0,0.8605384670211679,-13.946153297883212,True
1030282308-P001,1030282308,A,1.2,0.9315314051258471,-22.372382906179407,True
1030282681-P001,1030282681,A,0.8,0.5846066573192896,-26.924167835088802,True
1030282686-P001,1030282686,A,0.7,0.8143979418489736,16.342563121281955,True
1030282691-P001,1030282691,A,1.7,2.11585325468391,24.46195615787706,True
1030282697-P001,1030282697,A,0.9,1.6710225637536227,85.66917375040252,True
1030282699-P001,1030282699,A,2.0,1.6321892631126675,-18.390536844366622,True
1030282704-P001,1030282704,A,0.8,1.3691916579844012,71.14895724805015,True
1030282709-P001,1030282709,A,1.2,2.567883431551118,113.99028596259318,True
1030282711-P001,1030282711,A,0.6,0.8280384429708296,38.006407161804944,True
1030282712-P001,1030282712,A,1.3,1.0829164713507975,-16.69873297301558,True
1030282714-P001,1030282714,A,1.4,1.6544387573097403,18.174196950695745,True
1030282721-P001,1030282721,A,3.4,4.34353992691648,27.751174321072952,True
1030283216-P001,1030283216,A,1.6,2.3716882704585767,48.230516903661034,True
1030283218-P001,1030283218,A,3.5,4.710519706027895,34.586277315082725,True
1030283225-P001,1030283225,A,1.8,3.203840052434442,77.99111402413567,True
1030283226-P001,1030283226,A,0.8,1.4687016428587598,83.58770535734496,True
1030283227-P001,1030283227,A,2.0,2.44367225843241,22.1836129216205,True
1030291242-P001,1030291242,A,1.0,1.9936725470136156,99.36725470136156,True
1030291243-P001,1030291243,A,2.5,2.7609076459692035,10.436305838768138,True
1030291249-P001,1030291249,A,6.3,3.1676099321296376,-49.72047726778353,True
1030291252-P001,1030291252,A,2.5,2.129905553937223,-14.803777842511073,True
1030291253-P001,1030291253,A,1.7,1.4860494288277417,-12.58532771601519,True
1030291256-P001,1030291256,A,1.6,1.2063167119865474,-24.60520550084079,True
1030291257-P001,1030291257,A,5.0,7.469424677095127,49.388493541902534,True
1030291259-P001,1030291259,A,1.0,2.4349724147839757,143.49724147839757,True
1030291260-P001,1030291260,A,3.2,3.929659669659658,22.801864676864305,True
1030291261-P001,1030291261,A,0.9,1.8457059019757203,105.0784335528578,True
1030291262-P001,1030291262,A,1.7,2.5136394767221546,47.86114568953851,True
1030291265-P001,1030291265,A,3.7,4.256175726812793,15.031776400345748,True
1030291270-P001,1030291270,A,2.1,1.6412216061469616,-21.846590183478025,True
1030291273-P001,1030291273,A,2.5,1.6369606967274986,-34.521572130900054,True
1030291274-P001,1030291274,A,5.6,2.9235560912030314,-47.793641228517295,True
1030291275-P001,1030291275,A,1.8,2.0266025754219945,12.58903196788858,True
1030291276-P001,1030291276,A,9.2,2.6153103815696914,-71.5727132438077,True
1030291277-P001,1030291277,A,0.8,0.7082342350899995,-11.470720613750068,True
1030291278-P001,1030291278,A,8.2,6.124426701028112,-25.31186949965717,True
1030291280-P001,1030291280,A,4.3,2.194688529854565,-48.96073186384733,True
1030291281-P001,1030291281,A,1.9,2.2322424304667043,17.48644370877392,True
1030291283-P001,1030291283,A,3.3,1.5307860962529767,-53.612542537788585,True
1030291285-P001,1030291285,A,4.9,2.5015763814506626,-48.947420786721175,True
1030291287-P001,1030291287,A,2.7,1.5574784122067256,-42.31561436271387,True
1030291292-P001,1030291292,A,0.7,0.9795107805280359,39.93011150400513,True
1030291293-P001,1030291293,A,1.4,0.8773747581783607,-37.33037441583137,True
1030291297-P001,1030291297,A,1.1,0.6914475496557185,-37.14113184948014,True
1030291300-P001,1030291300,A,2.9,2.391799038801331,-17.524171075816174,True
1030291301-P001,1030291301,A,2.0,4.526433803034508,126.3216901517254,True
1030291302-P001,1030291302,A,3.6,4.283698028917002,18.991611914361172,True
1030291304-P001,1030291304,A,3.3,2.4394538372183687,-26.077156447928218,True
1030291305-P001,1030291305,A,2.2,1.8334546355581824,-16.661152929173532,True
1030291306-P001,1030291306,A,2.9,2.195626835504102,-24.288729810203368,True
1030291307-P001,1030291307,A,1.9,0.7990308507333982,-57.94574469824221,True
1030291308-P001,1030291308,A,2.0,1.4179759966225225,-29.101200168873874,True
1030292091-P001,1030292091,A,2.3,1.594635519828023,-30.66802087704247,True
1030292094-P001,1030292094,A,3.6,5.733609976430032,59.266943789723115,True
1030292095-P001,1030292095,A,3.3,3.967898939697926,20.23936180902807,True
1030292096-P001,1030292096,A,2.2,0.9547005041186063,-56.60452254006335,True
1030292098-P001,1030292098,A,7.4,4.623318069606893,-37.52272878909604,True
1030292488-P001,1030292488,A,2.6,1.6989552142652138,-34.655568682107166,True
1030292491-P001,1030292491,A,3.5,1.500311214234825,-57.13396530757643,True
1030292493-P001,1030292493,A,2.8,1.4978980414699083,-46.5036413760747,True
1030292502-P001,1030292502,A,1.0,1.354786701053091,35.47867010530909,True
1030292503-P001,1030292503,A,0.7,2.0182974737620456,188.32821053743513,True
1030293126-P001,1030293126,A,0.5,1.8542997724888395,270.8599544977679,True
1030293133-P001,1030293133,A,1.9,2.140490213426643,12.657379654033837,True
1030293134-P001,1030293134,A,1.2,1.8869468810192498,57.24557341827082,True
1030293138-P001,1030293138,A,2.3,3.391420534088436,47.45306669949722,True
1030293142-P001,1030293142,A,0.9,1.5033137317926544,67.03485908807271,True
1030293143-P001,1030293143,A,1.5,2.6227865839863336,74.85243893242225,True
1030293150-P001,1030293150,A,1.0,1.5677125060824835,56.771250608248344,True
1030301932-P001,1030301932,A,2.9,1.8149555214120887,-37.415326847859006,True
1030301933-P001,1030301933,A,0.7,0.38458885445254554,-45.05873507820778,True
1030301934-P001,1030301934,A,2.0,1.5556858520363182,-22.215707398184094,True
1030301937-P001,1030301937,A,1.6,1.9856892537524375,24.105578359527343,True
1030301938-P001,1030301938,A,2.9,3.278318113235791,13.045452180544522,True
1030301941-P001,1030301941,A,0.8,1.0556072432505361,31.95090540631701,True
1030301943-P001,1030301943,A,3.2,1.4891190272360437,-53.46503039887364,True
1030301945-P001,1030301945,A,1.6,1.162794722509049,-27.32532984318445,True
1030301946-P001,1030301946,A,0.9,1.2441312198102301,38.236802201136676,True
1030303370-P001,1030303370,A,9.8,4.540809201144253,-53.665212233221915,True
1030303371-P001,1030303371,A,1.9,2.4322993042186676,28.01575285361409,True
1030303372-P001,1030303372,A,0.6,0.7313411360983547,21.89018934972579,True
1030303377-P001,1030303377,A,2.3,1.8138142023978523,-21.13851293922381,True
1030303379-P001,1030303379,A,1.3,2.3545429472547177,81.1186882503629,True
1030311855-P001,1030311855,A,2.8,1.0395634108508873,-62.872735326754025,True
1030311856-P001,1030311856,A,0.6,0.9755467053174474,62.5911175529079,True
1030311864-P001,1030311864,A,1.0,0.45778181309929367,-54.221818690070634,True
1030311868-P001,1030311868,A,1.0,0.6702486968425773,-32.97513031574228,True
1030311870-P001,1030311870,A,0.7,1.2941485679594151,84.87836685134504,True
1030311874-P001,1030311874,A,1.3,0.9429579085191968,-27.464776267754093,True
1030311875-P001,1030311875,A,1.0,0.7427964815894716,-25.720351841052835,True
1030311876-P001,1030311876,A,0.7,0.6038676283154242,-13.733195954939397,True
1030311877-P001,1030311877,A,1.0,0.8182873324947405,-18.171266750525948,True
1030311878-P001,1030311878,A,0.4,0.19592508097225728,-51.018729756935684,True
1030311880-P001,1030311880,A,1.0,0.6386264459539863,-36.137355404601365,True
1030311883-P001,1030311883,A,2.4,1.9832086943210305,-17.366304403290393,True
1030311884-P001,1030311884,A,5.9,2.491189000912548,-57.776457611651736,True
1030311887-P001,1030311887,A,1.1,1.2293243913417196,11.756762849247224,True
1030311888-P001,1030311888,A,2.9,2.190608027249519,-24.461792163809683,True
1030311889-P001,1030311889,A,2.0,1.260706372694976,-36.964681365251195,True
1030311890-P001,1030311890,A,2.2,1.6424642937990612,-25.342532100042675,True
1030311897-P001,1030311897,A,0.6,0.440282249322581,-26.619625112903165,True
1030311901-P001,1030311901,A,0.6,0.2347807930271487,-60.869867828808545,True
1030311903-P001,1030311903,A,0.5,1.1953725512015747,139.07451024031494,True
1030311904-P001,1030311904,A,1.2,0.4546267748364462,-62.11443543029615,True
1030311905-P001,1030311905,A,2.9,1.336146762916864,-53.925973692521936,True
1030311906-P001,1030311906,A,0.8,0.41039096276674053,-48.70112965415744,True
1030311911-P001,1030311911,A,2.2,1.477747124052467,-32.82967617943332,True
1030311912-P001,1030311912,A,2.7,1.3143178312963215,-51.32156180383994,True
1030311914-P001,1030311914,A,0.6,2.192824029355749,265.4706715592915,True
1030311915-P001,1030311915,A,1.4,0.9691492407341138,-30.775054233277583,True
1030311919-P001,1030311919,A,1.5,1.6739173877659326,11.594492517728838,True
1030321949-P001,1030321949,A,0.5,0.8090299494136358,61.80598988272716,True
1030321951-P001,1030321951,A,2.4,0.9501563460970581,-60.410152245955906,True
1030321952-P001,1030321952,A,1.0,0.7361460745159047,-26.385392548409527,True
1030321956-P001,1030321956,A,2.5,1.5113422327686787,-39.54631068925285,True
1030321957-P001,1030321957,A,0.7,0.4199759620291494,-40.0034339958358,True
1030321959-P001,1030321959,A,1.4,0.04707623047808019,-96.63741210870856,True
1030321961-P001,1030321961,A,1.4,1.0980329814634933,-21.569072752607617,True
1030321963-P001,1030321963,A,1.0,1.3751540019342225,37.51540019342225,True
1030321964-P001,1030321964,A,0.6,0.10016282537962981,-83.30619577006169,True
1030321965-P001,1030321965,A,2.4,1.7940910879141698,-25.24620467024292,True
1030321966-P001,1030321966,A,0.3,0.43818932603052096,46.06310867684032,True
1030321972-P001,1030321972,A,4.7,4.093301419759785,-12.908480430642886,True
1030321979-P001,1030321979,A,3.1,1.3814257535384775,-55.437878918113626,True
1030321980-P001,1030321980,A,1.4,0.49703588876371996,-64.49743651687714,True
1030321984-P001,1030321984,A,1.7,1.9426796999311198,14.27527646653646,True
1030321986-P001,1030321986,A,2.3,1.7463057846788514,-24.073661535702104,True
1030322256-P001,1030322256,A,5.6,1.9441490881129477,-65.28305199798308,True
1030322257-P001,1030322257,A,2.1,1.7092775272131246,-18.605832037470257,True
1030322260-P001,1030322260,A,3.2,2.7508683390843833,-14.035364403613027,True
1030332213-P001,1030332213,A,3.0,1.909994820903346,-36.33350596988847,True
1030333175-P001,1030333175,A,1.5,1.7765965890734114,18.4397726048941,True
1030333180-P001,1030333180,A,1.5,1.828330943630207,21.888729575347142,True
1030333181-P001,1030333181,A,1.6,2.8138336965363915,75.86460603352447,True
1030342309-P001,1030342309,A,1.0,1.1579336957219812,15.793369572198124,True
1030342310-P001,1030342310,A,2.9,0.8795293173483478,-69.67140285005698,True
1030342314-P001,1030342314,A,3.1,1.6434837091993002,-46.98439647744193,True
1030342321-P001,1030342321,A,0.5,3.5147674799465496,602.9534959893099,True
1030342326-P001,1030342326,A,1.8,2.1597583497659776,19.98657498699875,True
1030342507-P001,1030342507,A,1.8,0.6011762543871311,-66.60131920071494,True
1030342511-P001,1030342511,A,1.9,3.493370585970297,83.86160978791037,True
1030342512-P001,1030342512,A,3.9,1.6800714785026059,-56.92124414095883,True
1030342526-P001,1030342526,A,2.6,0.5335766928731226,-79.4778195048799,True
1030342527-P001,1030342527,A,0.8,0.3470565327373216,-56.6179334078348,True
1030342528-P001,1030342528,A,1.9,1.684978847245767,-11.316902776538576,True
1030342529-P001,1030342529,A,3.1,1.4142845512607183,-54.37791770126715,True
1030342531-P001,1030342531,A,4.3,2.4181718990386516,-43.76344420840345,True
1030342532-P001,1030342532,A,2.4,0.4666177313933208,-80.5575945252783,True
1030352352-P001,1030352352,A,8.0,3.39818859065414,-57.52264261682325,True
1030352362-P001,1030352362,A,2.9,2.1074353060279463,-27.329817033519095,True
1030352366-P001,1030352366,A,3.4,3.977752149902199,16.992710291241146,True
1030352378-P001,1030352378,A,3.9,2.3970499418375177,-38.537180978525186,True
1030352454-P001,1030352454,A,0.8,1.1059796235477506,38.247452943468815,True
1030352455-P001,1030352455,A,0.7,0.43164146248007157,-38.33693393141834,True
1030352466-P001,1030352466,A,2.2,1.603288838115837,-27.123234631098324,True
1030352469-P001,1030352469,A,4.0,4.500738173042232,12.518454326055807,True
1030352481-P001,1030352481,A,3.3,2.9045844759397044,-11.982288607887742,True
1030362281-P001,1030362281,A,8.8,1.8618830531912611,-78.84223803191749,True
1030362282-P001,1030362282,A,1.1,1.413188345752932,28.47166779572108,True
1030362284-P001,1030362284,A,3.2,1.234086294912189,-61.4348032839941,True
1030362285-P001,1030362285,A,2.6,1.306681873149946,-49.74300487884823,True
1030362288-P001,1030362288,A,2.2,1.004712763639801,-54.33123801637269,True
1030362675-P001,1030362675,A,1.1,0.6340889075434935,-42.355553859682416,True
1030362677-P001,1030362677,A,1.4,1.8915766798995672,35.11261999282624,True
1030362678-P001,1030362678,A,1.8,1.1428718604623223,-36.50711886320432,True
1030362679-P001,1030362679,A,0.7,1.3861068493453206,98.01526419218867,True
1030362680-P001,1030362680,A,1.3,2.167610437829048,66.7392644483883,True
10300103889-P001,10300103889,A,1.7,2.2160864432562417,30.35802607389658,True
10300103890-P001,10300103890,A,2.5,3.1228073259207876,24.912293036831503,True
10300103891-P001,10300103891,A,2.9,2.055631060490654,-29.116170327908485,True
10300103892-P001,10300103892,A,3.0,4.6519835859349605,55.06611953116535,True
10300103903-P001,10300103903,A,1.1,1.8333772674858189,66.67066068052897,True
10300103904-P001,10300103904,A,1.7,1.1409918168212567,-32.882834304631956,True
10300103905-P001,10300103905,A,0.7,1.101503470002133,57.35763857173328,True
10300103906-P001,10300103906,A,1.3,1.5603307296078068,20.02544073906206,True
10300103909-P001,10300103909,A,0.9,1.2889831722441174,43.220352471568596,True
10300103912-P001,10300103912,A,1.8,1.5188157812526661,-15.621345485962996,True
10300203462-P001,10300203462,A,3.75,7.278322826705002,94.0886087121334,True
10300404016-P001,10300404016,A,0.6,0.6848327867186766,14.138797786446112,True
10300404017-P001,10300404017,A,0.9,1.0637806568721422,18.197850763571353,True
10300404018-P001,10300404018,A,1.5,1.0385436197046347,-30.763758686357683,True
10300404019-P001,10300404019,A,2.1,3.132519109142133,49.16757662581585,True
10300404020-P001,10300404020,A,0.9,2.414246512781506,168.24961253127844,True
10300404021-P001,10300404021,A,0.6,0.9139732606558484,52.32887677597474,True
10300503481-P001,10300503481,A,2.1,1.6777494928931185,-20.1071670050896,True
10300703937-P001,10300703937,A,0.4,1.527598944173708,281.89973604342697,True
10300703938-P001,10300703938,A,2.0,2.7579976541488387,37.89988270744193,True
10300703939-P001,10300703939,A,1.5,2.0786226786520667,38.57484524347112,True
10300703940-P001,10300703940,A,2.3,2.8692458839966744,24.74982104333368,True
10300703943-P001,10300703943,A,0.5,1.3950542113118685,179.0108422623737,True
10300703944-P001,10300703944,A,0.9,2.817088601539686,213.00984461552068,True
10300803992-P001,10300803992,A,1.3,1.7880367960513188,37.541292003947596,True
10300803993-P001,10300803993,A,1.0,1.5142541792098887,51.42541792098887,True
10300803994-P001,10300803994,A,0.8,0.8919928487222283,11.499106090278529,True
10300803996-P001,10300803996,A,0.9,2.4773906484377157,175.26562760419066,True
10300803998-P001,10300803998,A,3.2,1.9027472959518055,-40.53914700150608,True
10300803999-P001,10300803999,A,3.6,1.378675189786969,-61.70346695036197,True
10300804001-P001,10300804001,A,3.9,1.3213389633841517,-66.11951375938074,True
10300804003-P001,10300804003,A,4.2,0.24512592010994755,-94.16366856881078,True
10300804004-P001,10300804004,A,3.2,0.5666325890931463,-82.29273159083918,True
10300804005-P001,10300804005,A,1.4,0.821359100147882,-41.33149284657985,True
10300804006-P001,10300804006,A,1.8,1.259206511839324,-30.04408267559311,True
10300804007-P001,10300804007,A,0.5,1.3391285513865319,167.82571027730637,True
10300804008-P001,10300804008,A,3.1,0.7692644878026539,-75.18501652249503,True
10300804010-P001,10300804010,A,1.5,0.9453025940830082,-36.97982706113279,True
10300804011-P001,10300804011,A,3.6,0.8370033730449268,-76.74990630430759,True
10300804014-P001,10300804014,A,3.3,0.47554726068421843,-85.58947694896308,True
10300804022-P001,10300804022,A,7.2,1.6563656330473524,-76.99492176323122,True
10300804023-P001,10300804023,A,2.9,2.216274564438554,-23.57673915729124,True
10300804024-P001,10300804024,A,0.4,1.0354575937344097,158.86439843360242,True
10300804025-P001,10300804025,A,0.5,1.8144880746801035,262.8976149360207,True
10300804026-P001,10300804026,A,2.1,0.6200860157630761,-70.47209448747257,True
10300804027-P001,10300804027,A,0.8,1.0019624010350774,25.245300129384667,True
10300804028-P001,10300804028,A,0.2,1.4479968954135365,623.9984477067682,True
10300804030-P001,10300804030,A,2.5,1.8698343136277293,-25.20662745489083,True
10300804031-P001,10300804031,A,1.2,0.4782180247527899,-60.14849793726751,True
10300804032-P001,10300804032,A,0.4,0.8690831429374177,117.2707857343544,True
10300804034-P001,10300804034,A,1.4,1.8186132193180107,29.900944237000772,True
10300804036-P001,10300804036,A,4.3,1.5987870939314037,-62.81890479229294,True
10300804037-P001,10300804037,A,2.6,1.25277025834182,-51.81652852531461,True
10300804038-P001,10300804038,A,2.4,0.4888504573215483,-79.63123094493548,True
10300804039-P001,10300804039,A,1.0,1.4169549776596126,41.695497765961264,True
10300804040-P001,10300804040,A,1.8,1.2898294342023766,-28.34280921097908,True
10300804042-P001,10300804042,A,2.0,1.2966192795556089,-35.16903602221956,True
10300804045-P001,10300804045,A,3.6,1.286809122525891,-64.25530215205858,True
10300804049-P001,10300804049,A,0.9,2.963493880583,229.27709784255558,True
10300804050-P001,10300804050,A,2.6,0.5024385248791711,-80.67544135080111,True
10300804052-P001,10300804052,A,2.1,0.7333041714647729,-65.08075373977272,True
10300804056-P001,10300804056,A,1.0,1.5055116544658376,50.55116544658376,True
10300804057-P001,10300804057,A,1.6,1.2545306179811129,-21.591836376180453,True
10300804058-P001,10300804058,A,2.6,1.6810202844479605,-35.34537367507845,True
10300804059-P001,10300804059,A,0.9,1.468809049376366,63.20100548626287,True
10300804060-P001,10300804060,A,1.0,2.5558332032873894,155.58332032873895,True
10300804062-P001,10300804062,A,1.9,1.4854933556038699,-21.816139178743686,True
10301203527-P001,10301203527,A,4.1,2.443430637475884,-40.40413079327112,True
10301203528-P001,10301203528,A,3.5,3.034655186434476,-13.295566101872108,True
10301203529-P001,10301203529,A,2.1,1.2705264878897369,-39.498738671917295,True
10301203530-P001,10301203530,A,2.9,2.2541372909068675,-22.271127899763187,True
10301203936-P001,10301203936,A,0.2,1.0330435202284391,416.52176011421955,True
10301403963-P001,10301403963,A,2.3,3.132884087445112,36.21235162804835,True
10301403966-P001,10301403966,A,2.3,0.7053155189249138,-69.33410787282983,True
10301403967-P001,10301403967,A,3.1,1.1515167255464875,-62.854299175919756,True
10301403969-P001,10301403969,A,4.6,0.7853992439464828,-82.92610339246777,True
10301403970-P001,10301403970,A,3.1,4.830083212158907,55.80913587609375,True
10301603597-P001,10301603597,A,3.1,2.251064694934694,-27.38500984081632,True
10301603598-P001,10301603598,A,3.2,4.918437852676079,53.70118289612746,True
10301603601-P001,10301603601,A,5.2,1.1844313064132916,-77.22247487666746,True
10301603602-P001,10301603602,A,2.75,2.160359988377273,-21.441454968099162,True
10301603972-P001,10301603972,A,1.3,0.7879687168512082,-39.38702178067629,True
10301903948-P001,10301903948,A,8.8,2.5647705463460677,-70.85488015515831,True
10301903952-P001,10301903952,A,0.8,0.4382876722543445,-45.214040968206945,True
10301903956-P001,10301903956,A,5.3,2.8651497798802414,-45.94057019093884,True
10301903960-P001,10301903960,A,0.7,0.5743737047512297,-17.946613606967176,True
10302703922-P001,10302703922,A,3.0,4.317717772974486,43.92392576581621,True
10302703924-P001,10302703924,A,0.6,1.9579401476779386,226.32335794632309,True
10302703925-P001,10302703925,A,0.4,1.238773152460499,209.69328811512474,True
10302703926-P001,10302703926,A,1.0,2.0492477012633055,104.92477012633054,True
10302803919-P001,10302803919,A,1.1,1.6450141398076243,49.54673998251129,True
10302803920-P001,10302803920,A,0.9,0.8094098633917071,-10.065570734254772,True
10302803921-P001,10302803921,A,0.9,1.736455828837187,92.93953653746522,True
10302903547-P001,10302903547,A,3.9,2.9476171788194834,-24.42007233796196,True
10303003981-P001,10303003981,A,0.7,3.7544238306653352,436.3462615236194,True
10303003982-P001,10303003982,A,1.8,1.1791886102017752,-34.48952165545693,True
10303003983-P001,10303003983,A,1.6,3.5503280261075654,121.89550163172282,True
10303003984-P001,10303003984,A,1.0,1.1212532604023286,12.125326040232864,True
10303003985-P001,10303003985,A,0.9,0.9901808029719771,10.020089219108561,True
10303003987-P001,10303003987,A,1.7,1.5124452165725726,-11.032634319260435,True
10303003990-P001,10303003990,A,1.0,1.1236619418866984,12.366194188669844,True
10303003991-P001,10303003991,A,0.3,1.5757801869729906,425.26006232433025,True
10303103859-P001,10303103859,A,0.5,2.0273978372305907,305.47956744611815,True
10303103862-P001,10303103862,A,2.2,2.6140537600517098,18.820625456895886,True
10303103866-P001,10303103866,A,0.8,0.8983619004853215,12.295237560665182,True
10303103869-P001,10303103869,A,3.2,2.515022280351089,-21.40555373902847,True
10303103870-P001,10303103870,A,3.2,3.6721537352156024,14.75480422548757,True
10303103871-P001,10303103871,A,1.2,1.9819497401870267,65.16247834891891,True
10303103873-P001,10303103873,A,4.0,1.8331141928222519,-54.17214517944371,True
10303103874-P001,10303103874,A,1.3,2.4554522770551297,88.88094438885612,True
10303203549-P001,10303203549,A,2.75,1.2238084835901977,-55.497873323992806,True
10303203550-P001,10303203550,A,3.41,2.171511934083584,-36.31929812071601,True
10303203551-P001,10303203551,A,4.0,3.142983019889564,-21.425424502760904,True
10303503552-P001,10303503552,A,2.5,6.154405911845468,146.17623647381873,True
10303503556-P001,10303503556,A,2.5,0.6500945831805857,-73.99621667277657,True
10303503568-P001,10303503568,A,3.9,3.3752461229867445,-13.455227615724496,True
10303503570-P001,10303503570,A,3.6,2.33191647364619,-35.22454239871695,True
10303503574-P001,10303503574,A,3.2,2.750043063368782,-14.061154269725568,True
10303503576-P001,10303503576,A,2.7,1.731791449292341,-35.85957595213552,True
10303503584-P001,10303503584,A,3.5,1.1729330335713526,-66.48762761224708,True
10303503585-P001,10303503585,A,5.0,4.289808370517315,-14.203832589653691,True
10303503587-P001,10303503587,A,2.5,1.3107583508734024,-47.5696659650639,True
10303503589-P001,10303503589,A,2.5,4.606963408795705,84.27853635182821,True
10303503590-P001,10303503590,A,1.0,1.5338564196706241,53.38564196706241,True
10304003488-P001,10304003488,A,3.4,2.543194178449622,-25.20017122206994,True
10304003489-P001,10304003489,A,2.6,1.524032922391879,-41.38334913877389,True
10304003492-P001,10304003492,A,2.2,1.1732666943235086,-46.669695712567794,True
10304103518-P001,10304103518,A,3.4,1.4932934923704602,-56.079603165574696,True
10304103522-P001,10304103522,A,3.1,1.9233570949294292,-37.95622274421196,True
10304103525-P001,10304103525,A,2.5,0.5084554705620357,-79.66178117751858,True
10304203544-P001,10304203544,A,5.1,4.542793393136744,-10.925619742416776,True
10304303876-P001,10304303876,A,2.4,2.7632153363053193,15.133972346054977,True
10304303878-P001,10304303878,A,2.4,1.9830494033650534,-17.372941526456103,True
10304303883-P001,10304303883,A,2.3,0.6871803439372879,-70.12259374185705,True
10304303885-P001,10304303885,A,1.8,2.2349645614742815,24.1646978596823,True
10304403641-P001,10304403641,A,1.5,1.7206797167701726,14.711981118011508,True
10300104344-P001,10300104344,A,1.11,1.321395061776398,19.044600160035856,True
10300304234-P001,10300304234,A,0.53,1.0090182473370548,90.38080138434995,True
10302604666-P001,10302604666,A,2.4,1.3345913172563275,-44.39202844765302,True
10304004482-P001,10304004482,A,2.49,1.5030176409954892,-39.63784574315305,True
10304404109-P001,10304404109,A,2.47,1.435605376566819,-41.878324835351464,True
10304404158-P001,10304404158,A,3.15,1.6281355986389072,-48.31315559876485,True
10304404201-P001,10304404201,A,1.81,3.2648061748661017,80.37603176055809,True
